Variable,Description,Missing Values,Percentage (%),Missingness Label
member_id,A unique LC assigned Id for the borrower member.,2260701,100.0,Very High (95-100%)
orig_projected_additional_accrued_interest,The original projected additional interest amount that will accrue for the given hardship payment plan as of the Hardship Start Date. This field will be null if the borrower has broken their hardship payment plan.,2252050,99.61733108447336,Very High (95-100%)
hardship_start_date,The start date of the hardship plan period,2249784,99.51709668815116,Very High (95-100%)
hardship_payoff_balance_amount,The payoff balance amount as of the hardship plan start date,2249784,99.51709668815116,Very High (95-100%)
hardship_last_payment_amount,The last payment amount as of the hardship plan start date,2249784,99.51709668815116,Very High (95-100%)
hardship_reason,Describes the reason the hardship plan was offered,2249784,99.51709668815116,Very High (95-100%)
hardship_type,Describes the hardship plan offering,2249784,99.51709668815116,Very High (95-100%)
hardship_status,"Describes if the hardship plan is active, pending, canceled, completed, or broken",2249784,99.51709668815116,Very High (95-100%)
hardship_amount,The interest payment that the borrower has committed to make each month while they are on a hardship plan,2249784,99.51709668815116,Very High (95-100%)
deferral_term,Amount of months that the borrower is expected to pay less than the contractual monthly payment amount due to a hardship plan,2249784,99.51709668815116,Very High (95-100%)
hardship_end_date,The end date of the hardship plan period,2249784,99.51709668815116,Very High (95-100%)
hardship_dpd,Account days past due as of the hardship plan start date,2249784,99.51709668815116,Very High (95-100%)
hardship_loan_status,Loan Status as of the hardship plan start date,2249784,99.51709668815116,Very High (95-100%)
hardship_length,The number of months the borrower will make smaller payments than normally obligated due to a hardship plan,2249784,99.51709668815116,Very High (95-100%)
payment_plan_start_date,"The day the first hardship plan payment is due. For example, if a borrower has a hardship plan period of 3 months, the start date is the start of the three-month period in which the borrower is allowed to make interest-only payments.",2249784,99.51709668815116,Very High (95-100%)
settlement_status,"The status of the borrowers settlement plan. Possible values are: COMPLETE, ACTIVE, BROKEN, CANCELLED, DENIED, DRAFT",2226455,98.48516013395844,Very High (95-100%)
settlement_amount,The loan amount that the borrower has agreed to settle for,2226455,98.48516013395844,Very High (95-100%)
settlement_term,The number of months that the borrower will be on the settlement plan,2226455,98.48516013395844,Very High (95-100%)
settlement_percentage,The settlement amount as a percentage of the payoff balance amount on the loan,2226455,98.48516013395844,Very High (95-100%)
settlement_date,The date that the borrower agrees to the settlement plan,2226455,98.48516013395844,Very High (95-100%)
debt_settlement_flag_date,The most recent date that the Debt_Settlement_Flag has been set  ,2226455,98.48516013395844,Very High (95-100%)
sec_app_mths_since_last_major_derog, Months since most recent 90-day or worse rating at time of application for the secondary applicant,2224759,98.41013915595207,Very High (95-100%)
sec_app_revol_util, Ratio of total current balance to high credit/credit limit for all revolving accounts,2154517,95.30304980623266,Very High (95-100%)
revol_bal_joint," Sum of revolving credit balance of the co-borrowers, net of duplicate balances",2152681,95.22183605881538,Very High (95-100%)
sec_app_open_act_il, Number of currently active installment trades at time of application for the secondary applicant,2152680,95.22179182474817,Very High (95-100%)
sec_app_mort_acc, Number of mortgage accounts at time of application for the secondary applicant,2152680,95.22179182474817,Very High (95-100%)
sec_app_num_rev_accts, Number of revolving accounts at time of application for the secondary applicant,2152680,95.22179182474817,Very High (95-100%)
sec_app_earliest_cr_line, Earliest credit line at time of application for the secondary applicant,2152680,95.22179182474817,Very High (95-100%)
sec_app_fico_range_high, FICO range (low) for the secondary applicant,2152680,95.22179182474817,Very High (95-100%)
sec_app_chargeoff_within_12_mths, Number of charge-offs within last 12 months at time of application for the secondary applicant,2152680,95.22179182474817,Very High (95-100%)
sec_app_open_acc, Number of open trades at time of application for the secondary applicant,2152680,95.22179182474817,Very High (95-100%)
sec_app_fico_range_low, FICO range (high) for the secondary applicant,2152680,95.22179182474817,Very High (95-100%)
sec_app_inq_last_6mths, Credit inquiries in the last 6 months at time of application for the secondary applicant,2152680,95.22179182474817,Very High (95-100%)
sec_app_collections_12_mths_ex_med, Number of collections within last 12 months excluding medical collections at time of application for the secondary applicant,2152680,95.22179182474817,Very High (95-100%)
verification_status_joint,"Indicates if the co-borrowers' joint income was verified by LC, not verified, or if the income source was verified",2144971,94.88079140054346,High (50-94%)
dti_joint,"A ratio calculated using the co-borrowers' total monthly payments on the total debt obligations, excluding mortgages and the requested LC loan, divided by the co-borrowers' combined self-reported monthly income",2139995,94.66068268205305,High (50-94%)
annual_inc_joint,The combined self-reported annual income provided by the co-borrowers during registration,2139991,94.66050574578416,High (50-94%)
desc,Loan description provided by the borrower,2134636,94.42363231581709,High (50-94%)
mths_since_last_record,The number of months since the last public record.,1901545,84.11306935326698,High (50-94%)
mths_since_recent_bc_dlq,Months since most recent bankcard delinquency,1741000,77.01151103131285,High (50-94%)
mths_since_last_major_derog,Months since most recent 90-day or worse rating,1679926,74.30995960987322,High (50-94%)
mths_since_recent_revol_delinq,Months since most recent revolving delinquency.,1520342,67.25091022651823,High (50-94%)
next_pymnt_d,Next scheduled payment date,1345343,59.50999269695551,High (50-94%)
mths_since_last_delinq,The number of months since the borrower's last delinquency.,1158535,51.24671506758302,High (50-94%)
il_util,Ratio of total current balance to high credit/credit limit on all install acct,1068883,47.281042473109004,Moderate (10-49%)
mths_since_rcnt_il,Months since most recent installment accounts opened,909957,40.25109910598527,Moderate (10-49%)
all_util,Balance to credit limit on all trades,866381,38.32355539277419,Moderate (10-49%)
inq_last_12m,Number of credit inquiries in past 12 months,866163,38.313912366120064,Moderate (10-49%)
total_cu_tl,Number of finance trades,866163,38.313912366120064,Moderate (10-49%)
open_acc_6m,Number of open trades in last 6 months,866163,38.313912366120064,Moderate (10-49%)
open_il_24m,Number of installment accounts opened in past 24 months,866162,38.313868132052846,Moderate (10-49%)
open_rv_12m,Number of revolving trades opened in past 12 months,866162,38.313868132052846,Moderate (10-49%)
open_rv_24m,Number of revolving trades opened in past 24 months,866162,38.313868132052846,Moderate (10-49%)
max_bal_bc,Maximum current balance owed on all revolving accounts,866162,38.313868132052846,Moderate (10-49%)
open_il_12m,Number of installment accounts opened in past 12 months,866162,38.313868132052846,Moderate (10-49%)
total_bal_il,Total current balance of all installment accounts,866162,38.313868132052846,Moderate (10-49%)
open_act_il,Number of currently active installment trades,866162,38.313868132052846,Moderate (10-49%)
inq_fi,Number of personal finance inquiries,866162,38.313868132052846,Moderate (10-49%)
mths_since_recent_inq,Months since most recent inquiry.,295468,13.069751373578372,Moderate (10-49%)
emp_title,The job title supplied by the Borrower when applying for the loan.*,167002,7.387177693998455,Low (<10%)
num_tl_120dpd_2m,Number of accounts currently 120 days past due (updated in past 2 months),153690,6.798333791155929,Low (<10%)
emp_length,Employment length in years. Possible values are between 0 and 10 where 0 means less than one year and 10 means ten or more years. ,146940,6.499753837415917,Low (<10%)
mo_sin_old_il_acct,Months since oldest bank installment account opened,139104,6.153135686674178,Low (<10%)
bc_util,Ratio of total current balance to high credit/credit limit for all bankcard accounts.,76104,3.3663894517673945,Low (<10%)
percent_bc_gt_75,Percentage of all bankcard accounts > 75% of limit.,75412,3.3357794772506404,Low (<10%)
bc_open_to_buy,Total open to buy on revolving bankcards.,74968,3.316139551404631,Low (<10%)
mths_since_recent_bc,Months since most recent bankcard account opened.,73445,3.2487710670274392,Low (<10%)
pct_tl_nvr_dlq,Percent of trades never delinquent,70464,3.116909312642406,Low (<10%)
avg_cur_bal,Average current balance of all accounts,70379,3.1131494169286427,Low (<10%)
mo_sin_rcnt_rev_tl_op,Months since most recent revolving account opened,70310,3.1100972662904116,Low (<10%)
mo_sin_old_rev_tl_op,Months since oldest revolving account opened,70310,3.1100972662904116,Low (<10%)
num_rev_accts,Number of revolving accounts,70310,3.1100972662904116,Low (<10%)
num_tl_op_past_12m,Number of accounts opened in past 12 months,70309,3.110053032223191,Low (<10%)
num_tl_90g_dpd_24m,Number of accounts 90 or more days past due in last 24 months,70309,3.110053032223191,Low (<10%)
num_actv_bc_tl,Number of currently active bankcard accounts,70309,3.110053032223191,Low (<10%)
tot_cur_bal,Total current balance of all accounts,70309,3.110053032223191,Low (<10%)
tot_coll_amt,Total collection amounts ever owed,70309,3.110053032223191,Low (<10%)
mo_sin_rcnt_tl,Months since most recent account opened,70309,3.110053032223191,Low (<10%)
total_il_high_credit_limit,Total installment high credit/credit limit,70309,3.110053032223191,Low (<10%)
tot_hi_cred_lim,Total high credit/credit limit,70309,3.110053032223191,Low (<10%)
num_rev_tl_bal_gt_0,Number of revolving trades with balance >0,70309,3.110053032223191,Low (<10%)
num_op_rev_tl,Number of open revolving accounts,70309,3.110053032223191,Low (<10%)
num_actv_rev_tl,Number of currently active revolving trades,70309,3.110053032223191,Low (<10%)
num_tl_30dpd,Number of accounts currently 30 days past due (updated in past 2 months),70309,3.110053032223191,Low (<10%)
num_bc_tl,Number of bankcard accounts,70309,3.110053032223191,Low (<10%)
total_rev_hi_lim,Total revolving high credit/credit limit,70309,3.110053032223191,Low (<10%)
num_accts_ever_120_pd,Number of accounts ever 120 or more days past due,70309,3.110053032223191,Low (<10%)
num_il_tl,Number of installment accounts,70309,3.110053032223191,Low (<10%)
num_sats,Number of satisfactory accounts,58623,2.593133722681593,Low (<10%)
num_bc_sats,Number of satisfactory bankcard accounts,58623,2.593133722681593,Low (<10%)
total_bal_ex_mort,Total credit balance excluding mortgage,50063,2.214490107272036,Low (<10%)
total_bc_limit,Total bankcard high credit/credit limit,50063,2.214490107272036,Low (<10%)
acc_open_past_24mths,Number of trades opened in past 24 months.,50063,2.214490107272036,Low (<10%)
mort_acc,Number of mortgage accounts.,50063,2.214490107272036,Low (<10%)
title,The loan title provided by the borrower,23359,1.033263576209326,Low (<10%)
last_pymnt_d,Last month payment was received,2460,0.10881580536302679,Low (<10%)
revol_util,"Revolving line utilization rate, or the amount of credit the borrower is using relative to all available revolving credit.",1835,0.08116951335006266,Low (<10%)
dti,"A ratio calculated using the borrowers total monthly debt payments on the total debt obligations, excluding mortgage and the requested LC loan, divided by the borrowers self-reported monthly income.",1744,0.07714421323297507,Low (<10%)
pub_rec_bankruptcies,Number of public record bankruptcies,1398,0.061839225974598136,Low (<10%)
collections_12_mths_ex_med,Number of collections in 12 months excluding medical collections,178,0.007873663965292182,Low (<10%)
chargeoff_within_12_mths,Number of charge-offs within 12 months,178,0.007873663965292182,Low (<10%)
tax_liens,Number of tax liens,138,0.006104301276462478,Low (<10%)
last_credit_pull_d,The most recent month LC pulled credit for this loan,105,0.004644577058177972,Low (<10%)
inq_last_6mths,The number of inquiries in past 6 months (excluding auto and mortgage inquiries),63,0.0027867462349067834,Low (<10%)
delinq_2yrs,The number of 30+ days past-due incidences of delinquency in the borrower's credit file for the past 2 years,62,0.0027425121676860407,Low (<10%)
acc_now_delinq,The number of accounts on which the borrower is now delinquent.,62,0.0027425121676860407,Low (<10%)
open_acc,The number of open credit lines in the borrower's credit file.,62,0.0027425121676860407,Low (<10%)
total_acc,The total number of credit lines currently in the borrower's credit file,62,0.0027425121676860407,Low (<10%)
pub_rec,Number of derogatory public records,62,0.0027425121676860407,Low (<10%)
delinq_amnt,The past-due amount owed for the accounts on which the borrower is now delinquent.,62,0.0027425121676860407,Low (<10%)
earliest_cr_line,The month the borrower's earliest reported credit line was opened,62,0.0027425121676860407,Low (<10%)
annual_inc,The self-reported annual income provided by the borrower during registration.,37,0.001636660487167476,Low (<10%)
zip_code,The first 3 numbers of the zip code provided by the borrower in the loan application.,34,0.0015039582855052483,Low (<10%)
fico_range_low,The lower boundary range the borrowers FICO at loan origination belongs to.,33,0.0014597242182845054,Low (<10%)
application_type,Indicates whether the loan is an individual application or a joint application with two co-borrowers,33,0.0014597242182845054,Low (<10%)
addr_state,The state provided by the borrower in the loan application,33,0.0014597242182845054,Low (<10%)
fico_range_high,The upper boundary range the borrowers FICO at loan origination belongs to.,33,0.0014597242182845054,Low (<10%)
collection_recovery_fee,post charge off collection fee,33,0.0014597242182845054,Low (<10%)
issue_d,The month which the loan was funded,33,0.0014597242182845054,Low (<10%)
verification_status,"Indicates if income was verified by LC, not verified, or if the income source was verified",33,0.0014597242182845054,Low (<10%)
policy_code,"publicly available policy_code=1
new products not publicly available policy_code=2",33,0.0014597242182845054,Low (<10%)
out_prncp,Remaining outstanding principal for total amount funded,33,0.0014597242182845054,Low (<10%)
out_prncp_inv,Remaining outstanding principal for portion of total amount funded by investors,33,0.0014597242182845054,Low (<10%)
funded_amnt_inv,The total amount committed by investors for that loan at that point in time.,33,0.0014597242182845054,Low (<10%)
grade,LC assigned loan grade,33,0.0014597242182845054,Low (<10%)
initial_list_status,"The initial listing status of the loan. Possible values are  W, F",33,0.0014597242182845054,Low (<10%)
last_fico_range_low,The lower boundary range the borrowers last FICO pulled belongs to.,33,0.0014597242182845054,Low (<10%)
installment,The monthly payment owed by the borrower if the loan originates.,33,0.0014597242182845054,Low (<10%)
funded_amnt,The total amount committed to that loan at that point in time.,33,0.0014597242182845054,Low (<10%)
home_ownership,"The home ownership status provided by the borrower during registration or obtained from the credit report. Our values are: RENT, OWN, MORTGAGE, OTHER",33,0.0014597242182845054,Low (<10%)
last_fico_range_high,The upper boundary range the borrowers last FICO pulled belongs to.,33,0.0014597242182845054,Low (<10%)
loan_status,Current status of the loan,33,0.0014597242182845054,Low (<10%)
loan_amnt,"The listed amount of the loan applied for by the borrower. If at some point in time, the credit department reduces the loan amount, then it will be reflected in this value.",33,0.0014597242182845054,Low (<10%)
last_pymnt_amnt,Last total payment amount received,33,0.0014597242182845054,Low (<10%)
int_rate,Interest Rate on the loan,33,0.0014597242182845054,Low (<10%)
pymnt_plan,Indicates if a payment plan has been put in place for the loan,33,0.0014597242182845054,Low (<10%)
url,URL for the LC page with listing data.,33,0.0014597242182845054,Low (<10%)
total_rec_late_fee,Late fees received to date,33,0.0014597242182845054,Low (<10%)
total_pymnt,Payments received to date for total amount funded,33,0.0014597242182845054,Low (<10%)
total_pymnt_inv,Payments received to date for portion of total amount funded by investors,33,0.0014597242182845054,Low (<10%)
total_rec_int,Interest received to date,33,0.0014597242182845054,Low (<10%)
total_rec_prncp,Principal received to date,33,0.0014597242182845054,Low (<10%)
revol_bal,Total credit revolving balance,33,0.0014597242182845054,Low (<10%)
recoveries,post charge off gross recovery,33,0.0014597242182845054,Low (<10%)
purpose,A category provided by the borrower for the loan request. ,33,0.0014597242182845054,Low (<10%)
term,The number of payments on the loan. Values are in months and can be either 36 or 60.,33,0.0014597242182845054,Low (<10%)
sub_grade,LC assigned loan subgrade,33,0.0014597242182845054,Low (<10%)
disbursement_method,"The method by which the borrower receives their loan. Possible values are: CASH, DIRECT_PAY",33,0.0014597242182845054,Low (<10%)
hardship_flag,Flags whether or not the borrower is on a hardship plan,33,0.0014597242182845054,Low (<10%)
debt_settlement_flag,"Flags whether or not the borrower, who has charged-off, is working with a debt-settlement company.",33,0.0014597242182845054,Low (<10%)
id,A unique LC assigned ID for the loan listing.,0,0.0,None (0%)
